# Time;cameraId;LookX;LookY;LookZ;GetImage;Channel
0;1;521055.7178642914;4674299.770099579;0.0;1;rgb|ir
16;1;521051.6907460964;4674298.890056213;0.0;0;rgb|ir
32;1;521050.59103418293;4674301.713830497;0.0;0;rgb|ir
48;1;521050.2442925813;4674302.951844828;0.0;0;rgb|ir
64;1;521047.8773558197;4674303.541698439;0.0;0;rgb|ir
80;1;521044.67608586984;4674305.631655312;0.0;0;rgb|ir
96;1;521044.35468245513;4674306.955530576;0.0;0;rgb|ir
112;1;521040.5313424629;4674308.526429019;0.0;0;rgb|ir
128;1;521040.0565893768;4674309.535067159;0.0;0;rgb|ir
144;1;521037.2415304177;4674311.391032144;0.0;0;rgb|ir
160;1;521034.8472321741;4674312.817059285;0.0;0;rgb|ir
176;1;521032.53490478266;4674315.2510220185;0.0;0;rgb|ir
192;1;521029.79724064656;4674314.123286478;0.0;0;rgb|ir
208;1;521028.65787185845;4674317.546890403;0.0;0;rgb|ir
224;1;521026.8784728516;4674318.496816271;0.0;0;rgb|ir
240;1;521024.74322733795;4674317.845597675;0.0;0;rgb|ir
256;1;521023.37801480683;4674320.060263547;0.0;0;rgb|ir
272;1;521018.9746098002;4674322.868796521;0.0;0;rgb|ir
288;1;521018.01100244455;4674323.941774681;0.0;0;rgb|ir
304;1;521017.1296475799;4674324.346796216;0.0;0;rgb|ir
320;1;521014.10241278977;4674328.075909269;0.0;0;rgb|ir
336;1;521010.4434357316;4674326.966361345;0.0;0;rgb|ir
352;1;521008.17861400446;4674328.323349503;0.0;0;rgb|ir
368;1;521006.69397842034;4674330.038418739;0.0;0;rgb|ir
384;1;521006.684122633;4674330.290896334;0.0;0;rgb|ir
400;1;521003.0121843015;4674333.1900932565;0.0;0;rgb|ir
416;1;521000.8076066538;4674334.360715164;0.0;0;rgb|ir
432;1;520997.75120410166;4674335.903471007;0.0;0;rgb|ir
448;1;520997.2596196002;4674336.936562486;0.0;0;rgb|ir
464;1;520995.35137370136;4674336.773826615;0.0;0;rgb|ir
480;1;520993.6108327401;4674340.410216684;0.0;0;rgb|ir
496;1;520989.0886926471;4674341.818123612;0.0;0;rgb|ir
512;1;520990.6651035085;4674341.21198555;0.0;0;rgb|ir
528;1;520986.52432639286;4674343.2511126995;0.0;0;rgb|ir
544;1;520986.51076177636;4674345.192462184;0.0;0;rgb|ir
560;1;520984.3238023344;4674345.512402352;0.0;0;rgb|ir
576;1;520979.9067715716;4674347.917582123;0.0;0;rgb|ir
592;1;520977.5792593969;4674351.055146444;0.0;0;rgb|ir
608;1;520977.6235920346;4674351.365778945;0.0;0;rgb|ir
624;1;520974.125237376;4674351.310173954;0.0;0;rgb|ir
640;1;520973.0874300828;4674353.74384519;0.0;0;rgb|ir
656;1;520971.6615815788;4674355.160228839;0.0;0;rgb|ir
672;1;520964.89165886724;4674357.05536136;0.0;0;rgb|ir
688;1;520965.6925302844;4674356.230103084;0.0;0;rgb|ir
704;1;520963.9710146938;4674358.177097813;0.0;0;rgb|ir
720;1;520959.4200723914;4674361.0610454995;0.0;0;rgb|ir
736;1;520959.93914666836;4674362.30390369;0.0;0;rgb|ir
752;1;520958.4571663035;4674364.441172245;0.0;0;rgb|ir
768;1;520953.33874235663;4674364.2263746625;0.0;0;rgb|ir
784;1;520951.8065587871;4674363.978779323;0.0;0;rgb|ir
800;1;520949.70617725165;4674366.73467295;0.0;0;rgb|ir
816;1;520948.89238351694;4674368.408628172;0.0;0;rgb|ir
832;1;520945.83466864884;4674370.03585173;0.0;0;rgb|ir
848;1;520945.81290942343;4674370.127798504;0.0;0;rgb|ir
864;1;520944.2159163938;4674371.027278694;0.0;0;rgb|ir
880;1;520940.4642533223;4674372.423332365;0.0;0;rgb|ir
896;1;520937.8233649429;4674374.366236778;0.0;0;rgb|ir
912;1;520937.262215128;4674377.687368025;0.0;0;rgb|ir
928;1;520936.3913939142;4674378.107884129;0.0;0;rgb|ir
944;1;520932.54583837633;4674380.383386918;0.0;0;rgb|ir
960;1;520929.4258933817;4674379.103720352;0.0;0;rgb|ir
976;1;520929.0985440632;4674382.632441582;0.0;0;rgb|ir
992;1;520924.90366482077;4674383.400283939;0.0;0;rgb|ir
1009;1;520923.5356312592;4674385.067047099;0.0;0;rgb|ir
1025;1;520921.98495863425;4674386.174015255;0.0;0;rgb|ir
1041;1;520919.68342626834;4674386.4471635735;0.0;0;rgb|ir
1057;1;520916.99780623225;4674390.655102192;0.0;0;rgb|ir
1073;1;520913.634284729;4674389.324473897;0.0;0;rgb|ir
1089;1;520913.7078401476;4674392.321541209;0.0;0;rgb|ir
1105;1;520911.69253700605;4674392.109990175;0.0;0;rgb|ir
1121;1;520908.4842557439;4674392.336026802;0.0;0;rgb|ir
1137;1;520907.6661367628;4674394.925544702;0.0;0;rgb|ir
1153;1;520905.7094142445;4674397.597932171;0.0;0;rgb|ir
1169;1;520901.9765694462;4674398.818074928;0.0;0;rgb|ir
1185;1;520899.54094040365;4674400.97463858;0.0;0;rgb|ir
1201;1;520897.5587656758;4674401.831406416;0.0;0;rgb|ir
1217;1;520896.2971207583;4674401.989482272;0.0;0;rgb|ir
1233;1;520893.97331983433;4674403.499950392;0.0;0;rgb|ir
1249;1;520891.38036321424;4674404.893267137;0.0;0;rgb|ir
1265;1;520893.3913633127;4674404.646303921;0.0;0;rgb|ir
1281;1;520887.9501725965;4674407.931001684;0.0;0;rgb|ir
1297;1;520885.18032032717;4674405.474649437;0.0;0;rgb|ir
1313;1;520883.57635594707;4674409.88651228;0.0;0;rgb|ir
1329;1;520879.581774102;4674411.28260521;0.0;0;rgb|ir
1345;1;520878.62589741923;4674411.7895072885;0.0;0;rgb|ir
1361;1;520875.60033210815;4674414.484991828;0.0;0;rgb|ir
1377;1;520874.97248011385;4674416.046132357;0.0;0;rgb|ir
1393;1;520873.3312066626;4674417.004111668;0.0;0;rgb|ir
1409;1;520870.0093720112;4674418.705832055;0.0;0;rgb|ir
1425;1;520868.56710120494;4674418.734090498;0.0;0;rgb|ir
1441;1;520867.5335873289;4674421.717477225;0.0;0;rgb|ir
1457;1;520864.21115509555;4674422.087321489;0.0;0;rgb|ir
1473;1;520862.0749405949;4674424.875231301;0.0;0;rgb|ir
1489;1;520859.5675363447;4674425.009122209;0.0;0;rgb|ir
1505;1;520858.1517678558;4674425.5183811;0.0;0;rgb|ir
1521;1;520854.484513284;4674427.738815661;0.0;0;rgb|ir
1537;1;520853.15525495436;4674430.1889743535;0.0;0;rgb|ir
1553;1;520851.95961757377;4674432.076150862;0.0;0;rgb|ir
1569;1;520849.45747808524;4674431.595086865;0.0;0;rgb|ir
1585;1;520849.2011026477;4674434.552246636;0.0;0;rgb|ir
1601;1;520845.93398511945;4674437.386266309;0.0;1;rgb|ir
1617;1;520843.5127753091;4674437.342787367;0.0;0;rgb|ir
1633;1;520841.3217417262;4674438.894092335;0.0;0;rgb|ir
1649;1;520840.1993795113;4674439.19949291;0.0;0;rgb|ir
1665;1;520836.4469622059;4674438.447869871;0.0;0;rgb|ir
1681;1;520834.12250249466;4674442.692137589;0.0;0;rgb|ir
1697;1;520832.3585666819;4674443.129999187;0.0;0;rgb|ir
1713;1;520829.4221754094;4674444.653538596;0.0;0;rgb|ir
1729;1;520829.2999434856;4674447.272356275;0.0;0;rgb|ir
1745;1;520827.07375307375;4674447.600467262;0.0;0;rgb|ir
1761;1;520823.7022596922;4674448.53108628;0.0;0;rgb|ir
1777;1;520823.19967683696;4674450.154618563;0.0;0;rgb|ir
1793;1;520820.04305667063;4674450.531644854;0.0;0;rgb|ir
1809;1;520817.60246575164;4674450.9565520715;0.0;0;rgb|ir
1825;1;520815.5509700926;4674453.165461259;0.0;0;rgb|ir
1841;1;520813.73245100427;4674456.051548294;0.0;0;rgb|ir
1857;1;520812.1274062246;4674456.524198284;0.0;0;rgb|ir
1873;1;520810.4257705406;4674457.7140767025;0.0;0;rgb|ir
1889;1;520806.78476246947;4674458.553335508;0.0;0;rgb|ir
1905;1;520806.1781815124;4674460.309974978;0.0;0;rgb|ir
1921;1;520804.6646428112;4674461.995479148;0.0;0;rgb|ir
1937;1;520802.68317897426;4674463.732230564;0.0;0;rgb|ir
1953;1;520799.84172268334;4674465.097463634;0.0;0;rgb|ir
1969;1;520797.0216887445;4674467.200700751;0.0;0;rgb|ir
1985;1;520796.22228181583;4674467.809572368;0.0;0;rgb|ir
2002;1;520792.4686881299;4674470.82955601;0.0;0;rgb|ir
2018;1;520790.8981541726;4674469.637650104;0.0;0;rgb|ir
2034;1;520788.0030971436;4674471.984227501;0.0;0;rgb|ir
2050;1;520786.997177548;4674473.901072467;0.0;0;rgb|ir
2066;1;520785.33400638436;4674473.87645699;0.0;0;rgb|ir
2082;1;520781.64732827316;4674474.798670312;0.0;0;rgb|ir
2098;1;520779.1483888008;4674476.199157467;0.0;0;rgb|ir
2114;1;520777.4360100086;4674478.04230959;0.0;0;rgb|ir
2130;1;520775.1370583894;4674480.052821825;0.0;0;rgb|ir
2146;1;520775.1042027474;4674481.143343528;0.0;0;rgb|ir
2162;1;520770.2114662524;4674482.652433362;0.0;0;rgb|ir
2178;1;520768.6269315886;4674483.318827979;0.0;0;rgb|ir
2194;1;520765.18310978037;4674485.366536509;0.0;0;rgb|ir
2210;1;520767.4040235771;4674485.080711421;0.0;0;rgb|ir
2226;1;520762.2551812001;4674488.690569168;0.0;0;rgb|ir
2242;1;520760.81098644837;4674489.485174959;0.0;0;rgb|ir
2258;1;520759.4659276299;4674491.49909493;0.0;0;rgb|ir
2274;1;520756.49553154164;4674490.431028921;0.0;0;rgb|ir
2290;1;520755.58511990204;4674492.880396187;0.0;0;rgb|ir
2306;1;520752.5637386953;4674492.390413749;0.0;0;rgb|ir
2322;1;520750.23535354715;4674495.6888124095;0.0;0;rgb|ir
2338;1;520750.7908603175;4674496.917632438;0.0;0;rgb|ir
2354;1;520746.3359027154;4674499.722395643;0.0;0;rgb|ir
2370;1;520746.10849937354;4674499.626646279;0.0;0;rgb|ir
2386;1;520740.40980791254;4674500.97124778;0.0;0;rgb|ir
2402;1;520741.95177831035;4674503.4440367;0.0;0;rgb|ir
2418;1;520738.0303361997;4674505.588464102;0.0;0;rgb|ir
2434;1;520736.03673018224;4674506.364239107;0.0;0;rgb|ir
2450;1;520734.333995454;4674507.936026723;0.0;0;rgb|ir
2466;1;520732.2522331789;4674507.880810735;0.0;0;rgb|ir
2482;1;520728.4492134509;4674510.6458220165;0.0;0;rgb|ir
2498;1;520727.6747932068;4674510.96818141;0.0;0;rgb|ir
2514;1;520724.8805495339;4674513.594676248;0.0;0;rgb|ir
2530;1;520722.7899920554;4674514.458181211;0.0;0;rgb|ir
2546;1;520721.65462732286;4674513.965628929;0.0;0;rgb|ir
2562;1;520718.861896531;4674516.382833765;0.0;0;rgb|ir
2578;1;520716.0511133469;4674517.269802087;0.0;0;rgb|ir
2594;1;520714.367783852;4674518.544251942;0.0;0;rgb|ir
2610;1;520713.43068753363;4674521.91448327;0.0;0;rgb|ir
2626;1;520710.671616631;4674522.527702748;0.0;0;rgb|ir
2642;1;520708.88053303986;4674524.282441276;0.0;0;rgb|ir
2658;1;520707.03694459714;4674522.95656221;0.0;0;rgb|ir
2674;1;520703.60023833707;4674526.253056193;0.0;0;rgb|ir
2690;1;520702.27796846535;4674528.507922108;0.0;0;rgb|ir
2706;1;520699.38316336914;4674527.663229629;0.0;0;rgb|ir
2722;1;520698.80106702336;4674530.237440004;0.0;0;rgb|ir
2738;1;520695.11982492206;4674532.963568587;0.0;0;rgb|ir
2754;1;520695.15668744716;4674533.661746574;0.0;0;rgb|ir
2770;1;520692.18484169035;4674533.619646853;0.0;0;rgb|ir
2786;1;520690.4510863874;4674535.6742538195;0.0;0;rgb|ir
2802;1;520687.12364753865;4674536.334427709;0.0;0;rgb|ir
2818;1;520686.2806153431;4674537.80532799;0.0;0;rgb|ir
2834;1;520684.291397765;4674538.44140135;0.0;0;rgb|ir
2850;1;520682.27389287116;4674539.476985279;0.0;0;rgb|ir
2866;1;520679.1155892157;4674543.464614952;0.0;0;rgb|ir
2882;1;520677.15833895793;4674544.983909471;0.0;0;rgb|ir
2898;1;520675.3606972638;4674544.207075545;0.0;0;rgb|ir
2914;1;520674.2900471779;4674547.469064006;0.0;0;rgb|ir
2930;1;520672.7655145914;4674546.02229974;0.0;0;rgb|ir
2946;1;520667.2447940977;4674549.5899716625;0.0;0;rgb|ir
2962;1;520666.1871709359;4674549.696219419;0.0;0;rgb|ir
2978;1;520663.6557792471;4674550.682742676;0.0;0;rgb|ir
2994;1;520661.7828812961;4674553.720368943;0.0;0;rgb|ir
3011;1;520661.1172055396;4674553.6405951595;0.0;0;rgb|ir
3027;1;520659.29916717176;4674555.002334145;0.0;0;rgb|ir
3043;1;520655.4368517691;4674558.592014506;0.0;0;rgb|ir
3059;1;520655.93209371413;4674558.716233103;0.0;0;rgb|ir
3075;1;520651.0749838842;4674558.697110206;0.0;0;rgb|ir
3091;1;520650.6147121722;4674561.203454002;0.0;0;rgb|ir
3107;1;520647.7542330364;4674563.139644637;0.0;0;rgb|ir
3123;1;520646.3962657395;4674563.136282594;0.0;0;rgb|ir
3139;1;520643.48575949733;4674565.339170769;0.0;0;rgb|ir
3155;1;520641.26023943396;4674567.916477042;0.0;0;rgb|ir
3171;1;520639.45040491316;4674567.95116814;0.0;0;rgb|ir
3187;1;520637.25055664417;4674569.928262537;0.0;0;rgb|ir
3203;1;520635.50435526174;4674571.086441839;0.0;1;rgb|ir
3219;1;520633.4378334925;4674571.94932408;0.0;0;rgb|ir
3235;1;520629.85716798727;4674574.576816363;0.0;0;rgb|ir
3251;1;520630.3010474229;4674574.513449913;0.0;0;rgb|ir
3267;1;520625.9435918361;4674576.128831283;0.0;0;rgb|ir
3283;1;520625.0944339447;4674578.786826794;0.0;0;rgb|ir
3299;1;520622.0243846587;4674581.082663666;0.0;0;rgb|ir
3315;1;520621.85021922074;4674578.978804644;0.0;0;rgb|ir
3331;1;520617.97302931274;4674582.203978147;0.0;0;rgb|ir
3347;1;520616.69005827396;4674582.902514114;0.0;0;rgb|ir
3363;1;520613.9491888302;4674583.806673615;0.0;0;rgb|ir
3379;1;520611.66462613567;4674584.001768989;0.0;0;rgb|ir
3395;1;520610.4312504161;4674586.070397514;0.0;0;rgb|ir
3411;1;520607.75933716696;4674589.722295239;0.0;0;rgb|ir
3427;1;520606.09360902396;4674590.545741807;0.0;0;rgb|ir
3443;1;520602.93241895636;4674591.779972525;0.0;0;rgb|ir
3459;1;520601.0144491282;4674592.758791899;0.0;0;rgb|ir
3475;1;520599.42737451463;4674592.024005263;0.0;0;rgb|ir
3491;1;520597.1419683755;4674595.163943169;0.0;0;rgb|ir
3507;1;520593.14844038006;4674598.3220964335;0.0;0;rgb|ir
3523;1;520592.47009639296;4674596.389166798;0.0;0;rgb|ir
3539;1;520590.71210592974;4674599.559318386;0.0;0;rgb|ir
3555;1;520589.93066139164;4674601.5648272745;0.0;0;rgb|ir
3571;1;520586.6691368214;4674601.109792323;0.0;0;rgb|ir
3587;1;520585.55709932686;4674605.720469282;0.0;0;rgb|ir
3603;1;520583.8423828497;4674603.702231272;0.0;0;rgb|ir
3619;1;520580.7197020569;4674604.103085173;0.0;0;rgb|ir
3635;1;520575.60727144685;4674607.008548504;0.0;0;rgb|ir
3651;1;520573.931171462;4674609.801337306;0.0;0;rgb|ir
3667;1;520574.4670757871;4674610.741960313;0.0;0;rgb|ir
3683;1;520572.09555394185;4674610.78204356;0.0;0;rgb|ir
3699;1;520571.48009301064;4674612.290179837;0.0;0;rgb|ir
3715;1;520568.5958845645;4674615.228074569;0.0;0;rgb|ir
3731;1;520563.7127264578;4674615.773644433;0.0;0;rgb|ir
3747;1;520564.7448006239;4674618.107540661;0.0;0;rgb|ir
3763;1;520563.18463454064;4674620.535406669;0.0;0;rgb|ir
3779;1;520559.847993385;4674619.107740901;0.0;0;rgb|ir
3795;1;520559.5757368149;4674620.15889154;0.0;0;rgb|ir
3811;1;520555.7999675739;4674622.438629215;0.0;0;rgb|ir
3827;1;520554.4897105159;4674622.868766196;0.0;0;rgb|ir
3843;1;520550.4440677056;4674625.223623989;0.0;0;rgb|ir
3859;1;520547.8888315917;4674626.326515615;0.0;0;rgb|ir
3875;1;520546.4589691143;4674628.3811455285;0.0;0;rgb|ir
3891;1;520543.799300701;4674629.664698314;0.0;0;rgb|ir
3907;1;520541.1877671106;4674632.033269758;0.0;0;rgb|ir
3923;1;520539.27880925214;4674631.863274396;0.0;0;rgb|ir
3939;1;520537.83591059037;4674631.9608945325;0.0;0;rgb|ir
3955;1;520535.62153463904;4674634.56041717;0.0;0;rgb|ir
3971;1;520533.97549913684;4674634.730743511;0.0;0;rgb|ir
3987;1;520532.23184013;4674637.1323946295;0.0;0;rgb|ir
4004;1;520528.42428591923;4674639.498432167;0.0;0;rgb|ir
4020;1;520527.75217249437;4674641.838330018;0.0;0;rgb|ir
4036;1;520526.04500780837;4674641.288509854;0.0;0;rgb|ir
4052;1;520524.34258408274;4674644.637210074;0.0;0;rgb|ir
4068;1;520521.77747312974;4674645.169752773;0.0;0;rgb|ir
4084;1;520520.55807520036;4674646.0441176975;0.0;0;rgb|ir
4100;1;520519.82772031974;4674647.641118731;0.0;0;rgb|ir
4116;1;520516.7611065807;4674647.550211716;0.0;0;rgb|ir
4132;1;520515.9414511133;4674648.301571651;0.0;0;rgb|ir
4148;1;520511.80295131437;4674649.948812026;0.0;0;rgb|ir
4164;1;520508.55636205355;4674651.89128733;0.0;0;rgb|ir
4180;1;520505.6212738454;4674652.644497493;0.0;0;rgb|ir
4196;1;520504.9959386679;4674655.335781061;0.0;0;rgb|ir
4212;1;520503.07540817076;4674656.702196435;0.0;0;rgb|ir
4228;1;520499.8213235056;4674657.290509219;0.0;0;rgb|ir
4244;1;520498.5222264767;4674658.259930489;0.0;0;rgb|ir
4260;1;520497.1421020603;4674660.189510451;0.0;0;rgb|ir
4276;1;520495.9848868415;4674661.337144054;0.0;0;rgb|ir
4292;1;520492.480840685;4674661.04832458;0.0;0;rgb|ir
4308;1;520490.4101252573;4674664.45776976;0.0;0;rgb|ir
4324;1;520490.75033265725;4674665.969296604;0.0;0;rgb|ir
4340;1;520485.6633793709;4674667.112076323;0.0;0;rgb|ir
4356;1;520483.3243969899;4674668.576211244;0.0;0;rgb|ir
4372;1;520481.78684545157;4674669.53822085;0.0;0;rgb|ir
4388;1;520480.3724625845;4674670.558396716;0.0;0;rgb|ir
4404;1;520478.6040992847;4674672.976695041;0.0;0;rgb|ir
4420;1;520474.62867609126;4674674.41948628;0.0;0;rgb|ir
4436;1;520473.9773702733;4674675.480772517;0.0;0;rgb|ir
4452;1;520470.4189721166;4674676.874540151;0.0;0;rgb|ir
4468;1;520468.5497969619;4674678.194792852;0.0;0;rgb|ir
4484;1;520468.5263619656;4674678.424742056;0.0;0;rgb|ir
4500;1;520465.3918337406;4674681.846297996;0.0;0;rgb|ir
4516;1;520462.41349555575;4674681.889260586;0.0;0;rgb|ir
4532;1;520462.0452713082;4674683.053936217;0.0;0;rgb|ir
4548;1;520458.7681128727;4674685.760736136;0.0;0;rgb|ir
4564;1;520457.450748249;4674685.22938989;0.0;0;rgb|ir
4580;1;520453.9976242938;4674688.255731667;0.0;0;rgb|ir
4596;1;520451.9364319674;4674689.221732314;0.0;0;rgb|ir
4612;1;520451.1872701209;4674689.248797007;0.0;0;rgb|ir
4628;1;520447.1478217295;4674691.526738097;0.0;0;rgb|ir
4644;1;520447.5789859614;4674692.167386341;0.0;0;rgb|ir
4660;1;520443.4683508352;4674694.325646738;0.0;0;rgb|ir
4676;1;520442.73545969994;4674695.419009991;0.0;0;rgb|ir
4692;1;520441.0868259054;4674697.630464192;0.0;0;rgb|ir
4708;1;520437.9172449845;4674697.563808784;0.0;0;rgb|ir
4724;1;520434.81645790185;4674700.480533907;0.0;0;rgb|ir
4740;1;520433.48838049197;4674702.018027359;0.0;0;rgb|ir
4756;1;520431.90096220135;4674701.237137872;0.0;0;rgb|ir
4772;1;520429.22169194306;4674703.8035726175;0.0;0;rgb|ir
4788;1;520425.92736289266;4674705.93123529;0.0;0;rgb|ir
4804;1;520424.3679856691;4674705.031033774;0.0;1;rgb|ir
4820;1;520422.3778549523;4674708.073579144;0.0;0;rgb|ir
4836;1;520422.24678789004;4674708.768860582;0.0;0;rgb|ir
4852;1;520419.48247690627;4674712.273718616;0.0;0;rgb|ir
4868;1;520416.6668873583;4674711.950486019;0.0;0;rgb|ir
4884;1;520415.5953289104;4674710.993647861;0.0;0;rgb|ir
4900;1;520411.8439661782;4674714.678363486;0.0;0;rgb|ir
4916;1;520410.70458182815;4674714.721945001;0.0;0;rgb|ir
4932;1;520409.093128431;4674716.967983166;0.0;0;rgb|ir
4948;1;520404.2647208007;4674718.717944018;0.0;0;rgb|ir
4964;1;520403.1394932913;4674720.228052403;0.0;0;rgb|ir
4980;1;520402.7171289003;4674720.2600481855;0.0;0;rgb|ir
4996;1;520400.42485454556;4674722.004345057;0.0;0;rgb|ir
5013;1;520396.57326316216;4674724.503284038;0.0;0;rgb|ir
5029;1;520396.2846533506;4674726.4277271135;0.0;0;rgb|ir
5045;1;520394.10953309434;4674726.868355857;0.0;0;rgb|ir
5061;1;520392.3629277155;4674729.376857176;0.0;0;rgb|ir
5077;1;520388.777854268;4674730.51105069;0.0;0;rgb|ir
5093;1;520386.3020908252;4674728.983537876;0.0;0;rgb|ir
5109;1;520385.3090979566;4674732.379918066;0.0;0;rgb|ir
5125;1;520383.5224681371;4674733.8884032965;0.0;0;rgb|ir
5141;1;520381.0073871775;4674735.734914161;0.0;0;rgb|ir
5157;1;520378.6964515092;4674737.29431803;0.0;0;rgb|ir
5173;1;520376.30767778365;4674737.541032547;0.0;0;rgb|ir
5189;1;520375.4890691752;4674738.489517047;0.0;0;rgb|ir
5205;1;520372.7286321877;4674740.312939237;0.0;0;rgb|ir
5221;1;520372.28592840786;4674743.1527856635;0.0;0;rgb|ir
5237;1;520368.4117433498;4674743.968040819;0.0;0;rgb|ir
5253;1;520366.24975077;4674745.904061133;0.0;0;rgb|ir
5269;1;520364.98787387786;4674746.170073232;0.0;0;rgb|ir
5285;1;520361.83627014747;4674748.17399444;0.0;0;rgb|ir
5301;1;520359.06802692567;4674747.256814725;0.0;0;rgb|ir
5317;1;520356.6048866944;4674749.63357318;0.0;0;rgb|ir
5333;1;520355.0228732196;4674750.700027292;0.0;0;rgb|ir
5349;1;520353.78415994137;4674751.84561038;0.0;0;rgb|ir
5365;1;520351.47712989355;4674754.192421505;0.0;0;rgb|ir
5381;1;520349.54603360157;4674755.905411967;0.0;0;rgb|ir
5397;1;520347.53139385727;4674757.385539597;0.0;0;rgb|ir
5413;1;520345.4081109325;4674757.966213523;0.0;0;rgb|ir
5429;1;520340.65020678064;4674758.614627099;0.0;0;rgb|ir
5445;1;520340.57885701436;4674759.199414868;0.0;0;rgb|ir
5461;1;520339.01259919244;4674761.777077271;0.0;0;rgb|ir
5477;1;520338.31660836947;4674763.354302067;0.0;0;rgb|ir
5493;1;520334.11225900543;4674766.717258302;0.0;0;rgb|ir
5509;1;520333.0417730131;4674766.846762018;0.0;0;rgb|ir
5525;1;520330.20628151245;4674767.922839624;0.0;0;rgb|ir
5541;1;520328.8041493606;4674769.230039423;0.0;0;rgb|ir
5557;1;520326.55689618026;4674769.252064353;0.0;0;rgb|ir
5573;1;520325.2775596794;4674772.780629655;0.0;0;rgb|ir
5589;1;520321.87599476957;4674773.592039478;0.0;0;rgb|ir
5605;1;520319.02154772775;4674776.0974167455;0.0;0;rgb|ir
5621;1;520317.8338940521;4674775.762882953;0.0;0;rgb|ir
5637;1;520317.3821221077;4674778.059596626;0.0;0;rgb|ir
5653;1;520311.83237718494;4674779.326768325;0.0;0;rgb|ir
5669;1;520314.096951792;4674780.508231718;0.0;0;rgb|ir
5685;1;520308.1794337427;4674781.506791606;0.0;0;rgb|ir
5701;1;520307.1324312819;4674781.914207244;0.0;0;rgb|ir
5717;1;520306.44281588664;4674785.345875651;0.0;0;rgb|ir
5733;1;520302.4693433909;4674785.630653155;0.0;0;rgb|ir
5749;1;520300.8086819113;4674784.988872456;0.0;0;rgb|ir
5765;1;520300.16449123353;4674786.924523351;0.0;0;rgb|ir
5781;1;520296.6877314918;4674788.698958279;0.0;0;rgb|ir
5797;1;520293.7867236582;4674790.523968125;0.0;0;rgb|ir
5813;1;520292.94172403327;4674793.231798825;0.0;0;rgb|ir
5829;1;520289.9701006361;4674792.552127312;0.0;0;rgb|ir
5845;1;520286.79718226497;4674794.647516437;0.0;0;rgb|ir
5861;1;520286.8325749634;4674796.425356163;0.0;0;rgb|ir
5877;1;520284.5920212725;4674796.8152780915;0.0;0;rgb|ir
5893;1;520281.11302873865;4674799.451724482;0.0;0;rgb|ir
5909;1;520279.31746745174;4674800.7345518395;0.0;0;rgb|ir
5925;1;520278.55301057216;4674801.111703614;0.0;0;rgb|ir
5941;1;520276.2112475462;4674802.927716913;0.0;0;rgb|ir
5957;1;520274.1646995344;4674801.557205442;0.0;0;rgb|ir
5973;1;520272.26285651675;4674806.98717596;0.0;0;rgb|ir
5989;1;520268.7750739845;4674807.29373844;0.0;0;rgb|ir
6006;1;520267.47450168565;4674807.949533487;0.0;0;rgb|ir
6022;1;520265.9457177971;4674809.742887581;0.0;0;rgb|ir
6038;1;520262.85536949895;4674810.59198271;0.0;0;rgb|ir
6054;1;520261.455086547;4674812.005939167;0.0;0;rgb|ir
6070;1;520259.9626998805;4674813.809058641;0.0;0;rgb|ir
6086;1;520256.8469474703;4674815.630111085;0.0;0;rgb|ir
6102;1;520253.6096297734;4674817.31384205;0.0;0;rgb|ir
6118;1;520254.30208815174;4674816.92865786;0.0;0;rgb|ir
6134;1;520251.29961499444;4674820.610325012;0.0;0;rgb|ir
6150;1;520247.8831208751;4674818.704510846;0.0;0;rgb|ir
6166;1;520245.70712003973;4674822.621455597;0.0;0;rgb|ir
6182;1;520242.77320812986;4674824.973062239;0.0;0;rgb|ir
6198;1;520240.2436832748;4674824.318101308;0.0;0;rgb|ir
6214;1;520240.10119015555;4674827.9814549;0.0;0;rgb|ir
6230;1;520237.4741111227;4674827.7213680735;0.0;0;rgb|ir
6246;1;520235.00465394347;4674828.68513318;0.0;0;rgb|ir
6262;1;520233.3288465765;4674830.0367047405;0.0;0;rgb|ir
6278;1;520232.6855755947;4674831.891929811;0.0;0;rgb|ir
6294;1;520228.2564700224;4674831.442183665;0.0;0;rgb|ir
6310;1;520225.5183380536;4674833.82710597;0.0;0;rgb|ir
6326;1;520224.671437994;4674835.977353742;0.0;0;rgb|ir
6342;1;520222.77120878914;4674836.561600245;0.0;0;rgb|ir
6358;1;520219.3624220821;4674837.582028425;0.0;0;rgb|ir
6374;1;520217.98649318283;4674838.192600704;0.0;0;rgb|ir
6390;1;520216.36140075524;4674842.054415297;0.0;0;rgb|ir
6406;1;520215.16235208546;4674842.257510537;0.0;1;rgb|ir
6422;1;520212.19341894006;4674843.87028517;0.0;0;rgb|ir
6438;1;520210.6034217454;4674845.446561887;0.0;0;rgb|ir
6454;1;520208.3464156946;4674846.681648358;0.0;0;rgb|ir
6470;1;520207.2480953893;4674848.652558615;0.0;0;rgb|ir
6486;1;520203.57347669156;4674849.707809289;0.0;0;rgb|ir
6502;1;520203.67704296176;4674850.809363245;0.0;0;rgb|ir
6518;1;520200.4164033083;4674852.915528787;0.0;0;rgb|ir
6534;1;520197.9029200357;4674852.9477579985;0.0;0;rgb|ir
6550;1;520193.5637477705;4674854.593222161;0.0;0;rgb|ir
6566;1;520194.5012806026;4674856.096079299;0.0;0;rgb|ir
6582;1;520192.9721074894;4674857.339131954;0.0;0;rgb|ir
6598;1;520189.2795729595;4674859.326207997;0.0;0;rgb|ir
6614;1;520185.27336701914;4674859.666735485;0.0;0;rgb|ir
6630;1;520185.90724358975;4674860.078914616;0.0;0;rgb|ir
6646;1;520181.72406718344;4674862.923011414;0.0;0;rgb|ir
6662;1;520180.29016341706;4674863.232400598;0.0;0;rgb|ir
6678;1;520178.193280833;4674866.201872174;0.0;0;rgb|ir
6694;1;520176.04525790375;4674867.889079806;0.0;0;rgb|ir
6710;1;520174.6285008345;4674870.080072868;0.0;0;rgb|ir
6726;1;520172.75196927227;4674869.989415672;0.0;0;rgb|ir
6742;1;520171.934790923;4674871.487691106;0.0;0;rgb|ir
6758;1;520168.379038739;4674870.508455654;0.0;0;rgb|ir
6774;1;520165.9150039112;4674874.769510517;0.0;0;rgb|ir
6790;1;520164.9802198333;4674872.298355322;0.0;0;rgb|ir
6806;1;520162.7952763664;4674875.756358047;0.0;0;rgb|ir
6822;1;520161.2463352575;4674878.415398191;0.0;0;rgb|ir
6838;1;520158.3889383106;4674878.685228755;0.0;0;rgb|ir
6854;1;520155.2757463586;4674881.896258002;0.0;0;rgb|ir
6870;1;520154.5259244926;4674882.40501107;0.0;0;rgb|ir
6886;1;520150.47763076227;4674883.585656798;0.0;0;rgb|ir
6902;1;520150.2383193464;4674884.880768539;0.0;0;rgb|ir
6918;1;520145.520462819;4674886.446051826;0.0;0;rgb|ir
6934;1;520145.2876036878;4674886.835510185;0.0;0;rgb|ir
6950;1;520143.3715808821;4674888.702507652;0.0;0;rgb|ir
6966;1;520140.5918763697;4674891.087035469;0.0;0;rgb|ir
6982;1;520139.11417230236;4674891.390987812;0.0;0;rgb|ir
6998;1;520137.23304836196;4674892.723321936;0.0;0;rgb|ir
7015;1;520136.53051772737;4674895.146475717;0.0;0;rgb|ir
7031;1;520132.7513441326;4674895.555693921;0.0;0;rgb|ir
7047;1;520131.2194698384;4674895.396857509;0.0;0;rgb|ir
7063;1;520125.9796147385;4674899.29839617;0.0;0;rgb|ir
7079;1;520124.84612003603;4674899.875384698;0.0;0;rgb|ir
7095;1;520123.18886310345;4674900.9897499895;0.0;0;rgb|ir
7111;1;520122.5957354417;4674904.00036278;0.0;0;rgb|ir
7127;1;520121.27557682997;4674902.807715531;0.0;0;rgb|ir
7143;1;520118.6594837829;4674904.108700907;0.0;0;rgb|ir
7159;1;520116.3565652211;4674904.290620008;0.0;0;rgb|ir
7175;1;520113.364762257;4674908.054260414;0.0;0;rgb|ir
7191;1;520111.35503106395;4674909.704187018;0.0;0;rgb|ir
7207;1;520108.2082972463;4674908.967694219;0.0;0;rgb|ir
7223;1;520106.7359715778;4674911.253096312;0.0;0;rgb|ir
7239;1;520106.17743889266;4674913.174108909;0.0;0;rgb|ir
7255;1;520103.6923547082;4674912.9029880855;0.0;0;rgb|ir
7271;1;520100.9910814532;4674916.300173321;0.0;0;rgb|ir
7287;1;520096.26894701563;4674918.451827199;0.0;0;rgb|ir
7303;1;520097.78581246367;4674918.381199772;0.0;0;rgb|ir
7319;1;520094.021114813;4674919.055350055;0.0;0;rgb|ir
7335;1;520094.6066930148;4674921.454329901;0.0;0;rgb|ir
7351;1;520090.9843909854;4674922.198090099;0.0;0;rgb|ir
7367;1;520089.3852210038;4674924.669840421;0.0;0;rgb|ir
7383;1;520086.8275007465;4674925.035380358;0.0;0;rgb|ir
7399;1;520084.65857710777;4674926.409655726;0.0;0;rgb|ir
7415;1;520082.15968933236;4674927.623089912;0.0;0;rgb|ir
7431;1;520079.50128783885;4674928.2869561445;0.0;0;rgb|ir
7447;1;520078.5813219581;4674930.858236364;0.0;0;rgb|ir
7463;1;520075.53586305206;4674931.109545232;0.0;0;rgb|ir
7479;1;520072.4357900382;4674933.47816419;0.0;0;rgb|ir
7495;1;520071.9813133617;4674933.423360041;0.0;0;rgb|ir
7511;1;520070.4695371733;4674936.602669772;0.0;0;rgb|ir
7527;1;520067.36789737357;4674937.531356001;0.0;0;rgb|ir
7543;1;520063.3457697134;4674939.2037434485;0.0;0;rgb|ir
7559;1;520063.10671286506;4674941.233686226;0.0;0;rgb|ir
7575;1;520063.53590174805;4674942.80286963;0.0;0;rgb|ir
7591;1;520058.4549857011;4674942.935680519;0.0;0;rgb|ir
7607;1;520054.5908449928;4674944.159635901;0.0;0;rgb|ir
7623;1;520055.5172796944;4674945.691418616;0.0;0;rgb|ir
7639;1;520051.19720745436;4674945.704330532;0.0;0;rgb|ir
7655;1;520051.06724122737;4674950.387595333;0.0;0;rgb|ir
7671;1;520047.64093612303;4674949.264755931;0.0;0;rgb|ir
7687;1;520047.4857625601;4674952.04064403;0.0;0;rgb|ir
7703;1;520045.11481469095;4674950.565702118;0.0;0;rgb|ir
7719;1;520043.3719536146;4674953.220902233;0.0;0;rgb|ir
7735;1;520040.4929826149;4674954.569596293;0.0;0;rgb|ir
7751;1;520037.4203424705;4674956.738404837;0.0;0;rgb|ir
7767;1;520037.8164741365;4674957.909788581;0.0;0;rgb|ir
7783;1;520033.9286693545;4674959.838819744;0.0;0;rgb|ir
7799;1;520031.396854721;4674961.523183007;0.0;0;rgb|ir
7815;1;520029.8436076004;4674961.156860872;0.0;0;rgb|ir
7831;1;520026.0389844393;4674963.201488602;0.0;0;rgb|ir
7847;1;520025.26340074907;4674963.771538973;0.0;0;rgb|ir
7863;1;520024.5350533095;4674965.052675112;0.0;0;rgb|ir
7879;1;520021.96832443203;4674965.862141634;0.0;0;rgb|ir
7895;1;520020.8402595658;4674970.275515018;0.0;0;rgb|ir
7911;1;520016.5639500361;4674970.248021994;0.0;0;rgb|ir
7927;1;520012.78648026235;4674971.430068867;0.0;0;rgb|ir
7943;1;520014.4797180793;4674972.647854338;0.0;0;rgb|ir
7959;1;520010.29745281034;4674973.689168671;0.0;0;rgb|ir
7975;1;520007.5610534389;4674976.316783329;0.0;0;rgb|ir
7991;1;520006.68810141366;4674977.180781919;0.0;0;rgb|ir
8008;1;520005.0819311139;4674979.201935063;0.0;1;rgb|ir
8024;1;520003.17607263965;4674978.612277077;0.0;0;rgb|ir
8040;1;519999.12757492135;4674981.611255704;0.0;0;rgb|ir
8056;1;519996.5289557481;4674981.838906607;0.0;0;rgb|ir
8072;1;519994.74595079804;4674983.821597582;0.0;0;rgb|ir
8088;1;519993.23103436513;4674985.475742547;0.0;0;rgb|ir
8104;1;519990.81471723394;4674987.004180626;0.0;0;rgb|ir
8120;1;519989.43543608545;4674988.261885234;0.0;0;rgb|ir
8136;1;519988.4753044643;4674989.699461111;0.0;0;rgb|ir
8152;1;519983.7142588396;4674990.976969983;0.0;0;rgb|ir
8168;1;519982.4706387457;4674992.516425646;0.0;0;rgb|ir
8184;1;519982.2853976691;4674991.791833121;0.0;0;rgb|ir
8200;1;519979.2237898215;4674994.80178358;0.0;0;rgb|ir
8216;1;519978.4042185713;4674996.852060405;0.0;0;rgb|ir
8232;1;519976.46974221506;4674998.883231483;0.0;0;rgb|ir
8248;1;519972.41875791363;4674996.094142656;0.0;0;rgb|ir
8264;1;519971.18306328094;4674999.722566066;0.0;0;rgb|ir
8280;1;519968.8333926154;4675001.017695073;0.0;0;rgb|ir
8296;1;519966.513407553;4675002.530176113;0.0;0;rgb|ir
8312;1;519961.98771722236;4675003.714087988;0.0;0;rgb|ir
8328;1;519961.3908716827;4675006.644194972;0.0;0;rgb|ir
8344;1;519962.20778075216;4675005.855073192;0.0;0;rgb|ir
8360;1;519959.17604017584;4675010.081653056;0.0;0;rgb|ir
8376;1;519955.2455996151;4675009.262135628;0.0;0;rgb|ir
8392;1;519953.57724291563;4675011.160859872;0.0;0;rgb|ir
8408;1;519951.932570513;4675014.627666527;0.0;0;rgb|ir
8424;1;519951.15323461;4675012.2969884295;0.0;0;rgb|ir
8440;1;519947.9395313871;4675015.588212415;0.0;0;rgb|ir
8456;1;519946.3534084159;4675016.149225928;0.0;0;rgb|ir
8472;1;519945.20724229707;4675018.237642931;0.0;0;rgb|ir
8488;1;519940.36837840313;4675017.755682706;0.0;0;rgb|ir
8504;1;519938.3763667445;4675018.270009808;0.0;0;rgb|ir
8520;1;519939.0197699892;4675021.526791905;0.0;0;rgb|ir
8536;1;519934.3027825724;4675023.649414267;0.0;0;rgb|ir
8552;1;519931.0526660127;4675024.845430774;0.0;0;rgb|ir
8568;1;519931.3225589777;4675025.4569913065;0.0;0;rgb|ir
8584;1;519929.28835451644;4675025.114022361;0.0;0;rgb|ir
8600;1;519925.86877975607;4675026.6487179855;0.0;0;rgb|ir
8616;1;519924.1639507601;4675029.116420217;0.0;0;rgb|ir
8632;1;519920.96634753246;4675031.371007974;0.0;0;rgb|ir
8648;1;519920.684426968;4675033.395505376;0.0;0;rgb|ir
8664;1;519917.30772714154;4675032.301670118;0.0;0;rgb|ir
8680;1;519917.08911219606;4675035.54352938;0.0;0;rgb|ir
8696;1;519912.62871233106;4675036.362936353;0.0;0;rgb|ir
8712;1;519912.1186421375;4675036.726035793;0.0;0;rgb|ir
8728;1;519911.2297389686;4675040.28765997;0.0;0;rgb|ir
8744;1;519906.3409220006;4675040.5793466065;0.0;0;rgb|ir
8760;1;519905.166902809;4675044.29898395;0.0;0;rgb|ir
8776;1;519903.079529919;4675043.944139137;0.0;0;rgb|ir
8792;1;519900.8715065165;4675045.028618937;0.0;0;rgb|ir
8808;1;519898.9854264445;4675046.892522842;0.0;0;rgb|ir
8824;1;519899.54214857984;4675047.963524491;0.0;0;rgb|ir
8840;1;519893.85636289645;4675049.819313237;0.0;0;rgb|ir
8856;1;519892.0553846914;4675049.327332794;0.0;0;rgb|ir
8872;1;519890.68305184453;4675051.9346600175;0.0;0;rgb|ir
8888;1;519889.70781402994;4675052.057911795;0.0;0;rgb|ir
8904;1;519890.37304076593;4675053.073083895;0.0;0;rgb|ir
8920;1;519882.60090846237;4675056.379899294;0.0;0;rgb|ir
8936;1;519882.11486137315;4675057.521770684;0.0;0;rgb|ir
8952;1;519880.6224678438;4675057.7126510935;0.0;0;rgb|ir
8968;1;519878.5268034867;4675057.653827307;0.0;0;rgb|ir
8984;1;519873.8582646488;4675061.505835064;0.0;0;rgb|ir
9001;1;519872.77357745456;4675061.060544833;0.0;0;rgb|ir
9017;1;519871.7246508608;4675062.59121584;0.0;0;rgb|ir
9033;1;519870.22417649016;4675063.005072854;0.0;0;rgb|ir
9049;1;519868.14690314874;4675066.279954235;0.0;0;rgb|ir
9065;1;519866.29237269505;4675067.1561126;0.0;0;rgb|ir
9081;1;519863.2398102588;4675069.214958457;0.0;0;rgb|ir
9097;1;519861.7734093111;4675069.6024084715;0.0;0;rgb|ir
9113;1;519858.48534569534;4675072.3403212605;0.0;0;rgb|ir
9129;1;519858.3953089718;4675074.086970947;0.0;0;rgb|ir
9145;1;519855.8191812419;4675076.196072001;0.0;0;rgb|ir
9161;1;519851.93806578015;4675074.811257709;0.0;0;rgb|ir
9177;1;519850.8904246222;4675077.912144951;0.0;0;rgb|ir
9193;1;519849.8421285218;4675078.215662218;0.0;0;rgb|ir
9209;1;519848.3220385853;4675079.314577807;0.0;0;rgb|ir
9225;1;519844.8592042749;4675081.586819451;0.0;0;rgb|ir
9241;1;519843.55542262713;4675084.2279815115;0.0;0;rgb|ir
9257;1;519839.5097592669;4675083.622167738;0.0;0;rgb|ir
9273;1;519837.9866824656;4675085.509803705;0.0;0;rgb|ir
9289;1;519835.6659451454;4675086.90784415;0.0;0;rgb|ir
9305;1;519833.71470426087;4675089.055812952;0.0;0;rgb|ir
9321;1;519832.401709611;4675089.903903717;0.0;0;rgb|ir
9337;1;519830.11739297357;4675092.434050379;0.0;0;rgb|ir
9353;1;519828.30827885756;4675091.920127398;0.0;0;rgb|ir
9369;1;519826.1607608265;4675093.067040226;0.0;0;rgb|ir
9385;1;519824.84811844927;4675096.8434295645;0.0;0;rgb|ir
9401;1;519820.5225199016;4675095.802568134;0.0;0;rgb|ir
9417;1;519820.1124211948;4675098.602396221;0.0;0;rgb|ir
9433;1;519818.2543243903;4675099.312707562;0.0;0;rgb|ir
9449;1;519814.8933449698;4675100.143934744;0.0;0;rgb|ir
9465;1;519812.18793309346;4675100.441249098;0.0;0;rgb|ir
9481;1;519809.6262044722;4675103.201560415;0.0;0;rgb|ir
9497;1;519810.12376932654;4675103.344683677;0.0;0;rgb|ir
9513;1;519806.6459811809;4675106.225373996;0.0;0;rgb|ir
9529;1;519805.6272216453;4675107.3283687765;0.0;0;rgb|ir
9545;1;519802.0599034041;4675108.942256631;0.0;0;rgb|ir
9561;1;519800.19398836454;4675109.3056723;0.0;0;rgb|ir
9577;1;519798.53589489387;4675112.412067025;0.0;0;rgb|ir
9593;1;519795.63475552684;4675113.197263424;0.0;0;rgb|ir
9609;1;519793.735992609;4675113.834620615;0.0;1;rgb|ir
9625;1;519790.81687442603;4675115.478684538;0.0;0;rgb|ir
9641;1;519790.5954870738;4675117.102422524;0.0;0;rgb|ir
9657;1;519787.9334016566;4675118.403145058;0.0;0;rgb|ir
9673;1;519786.4055477157;4675118.556760532;0.0;0;rgb|ir
9689;1;519783.51050783845;4675120.847906193;0.0;0;rgb|ir
9705;1;519781.4649087241;4675122.947291568;0.0;0;rgb|ir
9721;1;519779.93456315476;4675124.648416069;0.0;0;rgb|ir
9737;1;519777.2601099865;4675125.571192472;0.0;0;rgb|ir
9753;1;519774.92206569784;4675126.807145245;0.0;0;rgb|ir
9769;1;519773.14008092385;4675127.917206709;0.0;0;rgb|ir
9785;1;519771.40820827405;4675130.392596556;0.0;0;rgb|ir
9801;1;519767.83259390143;4675129.414263509;0.0;0;rgb|ir
9817;1;519765.88272052194;4675133.449605453;0.0;0;rgb|ir
9833;1;519765.7291183493;4675133.190133897;0.0;0;rgb|ir
9849;1;519761.07583901816;4675133.057493741;0.0;0;rgb|ir
9865;1;519760.5949219899;4675135.913436323;0.0;0;rgb|ir
9881;1;519757.9652309621;4675136.961183889;0.0;0;rgb|ir
9897;1;519757.5839657913;4675139.369187034;0.0;0;rgb|ir
9913;1;519753.9622083394;4675139.96975457;0.0;0;rgb|ir
9929;1;519754.21958907275;4675139.795225044;0.0;0;rgb|ir
9945;1;519750.18228136323;4675142.1620343365;0.0;0;rgb|ir
9961;1;519749.7132559682;4675142.099231986;0.0;0;rgb|ir
9977;1;519745.425714705;4675145.092350157;0.0;0;rgb|ir
9993;1;519743.079241151;4675146.539092982;0.0;0;rgb|ir
10010;1;519742.84241159004;4675147.590572908;0.0;0;rgb|ir
10026;1;519738.2662151302;4675149.180396508;0.0;0;rgb|ir
10042;1;519737.00530591543;4675151.933935324;0.0;0;rgb|ir
10058;1;519735.4103530026;4675152.29405771;0.0;0;rgb|ir
10074;1;519732.6750699369;4675154.38645819;0.0;0;rgb|ir
10090;1;519731.6850229268;4675156.178194076;0.0;0;rgb|ir
10106;1;519729.3117631735;4675157.35219257;0.0;0;rgb|ir
10122;1;519726.9449321999;4675158.838229066;0.0;0;rgb|ir
10138;1;519723.5302294302;4675157.776394429;0.0;0;rgb|ir
10154;1;519722.7005421121;4675162.152643679;0.0;0;rgb|ir
10170;1;519720.60779850936;4675161.461254503;0.0;0;rgb|ir
10186;1;519718.1161269666;4675161.911527422;0.0;0;rgb|ir
10202;1;519717.5193344124;4675164.971766087;0.0;0;rgb|ir
10218;1;519712.72313327267;4675164.462707943;0.0;0;rgb|ir
10234;1;519710.82610190473;4675167.362742202;0.0;0;rgb|ir
10250;1;519710.86058908206;4675168.535271258;0.0;0;rgb|ir
10266;1;519708.7076439668;4675169.721172723;0.0;0;rgb|ir
10282;1;519706.0464166976;4675171.468690226;0.0;0;rgb|ir
10298;1;519704.4560251043;4675172.229852474;0.0;0;rgb|ir
10314;1;519702.362378996;4675174.805025846;0.0;0;rgb|ir
10330;1;519697.4417624789;4675173.328355704;0.0;0;rgb|ir
10346;1;519695.51584580593;4675176.218637082;0.0;0;rgb|ir
10362;1;519692.9918167526;4675178.025012781;0.0;0;rgb|ir
10378;1;519692.5478287339;4675178.739887065;0.0;0;rgb|ir
10394;1;519691.9615696283;4675180.457843891;0.0;0;rgb|ir
10410;1;519690.16632894526;4675180.930195139;0.0;0;rgb|ir
10426;1;519685.4635021996;4675183.544787513;0.0;0;rgb|ir
10442;1;519683.6045630891;4675183.321106769;0.0;0;rgb|ir
10458;1;519682.1112722516;4675186.005643658;0.0;0;rgb|ir
10474;1;519680.08371810976;4675187.778217928;0.0;0;rgb|ir
10490;1;519678.9459767202;4675187.330636537;0.0;0;rgb|ir
10506;1;519676.74151149805;4675189.88966548;0.0;0;rgb|ir
10522;1;519672.50688854174;4675191.384577031;0.0;0;rgb|ir
10538;1;519674.44586176524;4675192.106654562;0.0;0;rgb|ir
10554;1;519670.6477887327;4675193.406586565;0.0;0;rgb|ir
10570;1;519668.3827750886;4675195.421150407;0.0;0;rgb|ir
10586;1;519666.20541202737;4675196.683463255;0.0;0;rgb|ir
10602;1;519664.15125049365;4675197.676076348;0.0;0;rgb|ir
10618;1;519659.20356425125;4675200.7393563865;0.0;0;rgb|ir
10634;1;519661.0443693401;4675200.440939121;0.0;0;rgb|ir
10650;1;519659.2294702269;4675202.48481067;0.0;0;rgb|ir
10666;1;519655.1862950567;4675203.748921838;0.0;0;rgb|ir
10682;1;519652.2694917644;4675205.708652451;0.0;0;rgb|ir
10698;1;519651.40675212455;4675206.807986979;0.0;0;rgb|ir
10714;1;519647.5107245253;4675206.135177301;0.0;0;rgb|ir
10730;1;519647.4505259851;4675207.998830796;0.0;0;rgb|ir
10746;1;519644.2698989115;4675211.4886357775;0.0;0;rgb|ir
10762;1;519643.3357184071;4675210.229358784;0.0;0;rgb|ir
10778;1;519639.5315896466;4675211.601427138;0.0;0;rgb|ir
10794;1;519639.8325754768;4675215.289629491;0.0;0;rgb|ir
10810;1;519636.6671685868;4675215.032466096;0.0;0;rgb|ir
10826;1;519632.6579975638;4675216.372192007;0.0;0;rgb|ir
10842;1;519629.4746331044;4675217.889841763;0.0;0;rgb|ir
10858;1;519630.0138901218;4675221.768963129;0.0;0;rgb|ir
10874;1;519630.3263464967;4675220.2988234665;0.0;0;rgb|ir
10890;1;519625.4469878355;4675222.089795864;0.0;0;rgb|ir
10906;1;519624.9318247813;4675223.14804167;0.0;0;rgb|ir
10922;1;519621.2945693993;4675224.430084913;0.0;0;rgb|ir
10938;1;519619.28913796897;4675227.056096282;0.0;0;rgb|ir
10954;1;519617.2621304834;4675229.601667839;0.0;0;rgb|ir
10970;1;519614.91521580186;4675228.199100469;0.0;0;rgb|ir
10986;1;519614.791247014;4675230.104999368;0.0;0;rgb|ir
11003;1;519610.37344375305;4675231.991383978;0.0;0;rgb|ir
11019;1;519608.79282758455;4675235.658329054;0.0;0;rgb|ir
11035;1;519606.8748756176;4675233.274078947;0.0;0;rgb|ir
11051;1;519604.6347342057;4675235.924824348;0.0;0;rgb|ir
11067;1;519603.8764196006;4675238.176330685;0.0;0;rgb|ir
11083;1;519601.79451249406;4675237.945994185;0.0;0;rgb|ir
11099;1;519597.6351893989;4675239.14786294;0.0;0;rgb|ir
11115;1;519595.563579878;4675240.240407329;0.0;0;rgb|ir
11131;1;519594.4221272036;4675242.554115462;0.0;0;rgb|ir
11147;1;519592.8565023225;4675243.657228499;0.0;0;rgb|ir
11163;1;519590.5040228628;4675247.323859929;0.0;0;rgb|ir
11179;1;519588.2836113882;4675247.378171646;0.0;0;rgb|ir
11195;1;519585.04835302714;4675249.239834619;0.0;0;rgb|ir
11211;1;519584.9965597562;4675248.230842849;0.0;1;rgb|ir
11227;1;519581.2869690349;4675251.971860464;0.0;0;rgb|ir
11243;1;519580.93144509546;4675251.842643397;0.0;0;rgb|ir
11259;1;519579.0522214038;4675253.168638993;0.0;0;rgb|ir
11275;1;519575.4999879819;4675255.964939202;0.0;0;rgb|ir
11291;1;519573.9074116912;4675257.640151692;0.0;0;rgb|ir
11307;1;519570.0034494346;4675258.552982764;0.0;0;rgb|ir
11323;1;519567.0906775845;4675258.709026963;0.0;0;rgb|ir
11339;1;519567.2326545976;4675261.942626254;0.0;0;rgb|ir
11355;1;519565.1744046832;4675261.313236108;0.0;0;rgb|ir
11371;1;519562.9127869189;4675263.551111538;0.0;0;rgb|ir
11387;1;519559.86378493806;4675265.780761388;0.0;0;rgb|ir
11403;1;519557.04264392005;4675266.485954216;0.0;0;rgb|ir
11419;1;519557.16598444356;4675264.850606402;0.0;0;rgb|ir
11435;1;519555.25125815027;4675269.031163507;0.0;0;rgb|ir
11451;1;519553.0624759932;4675268.346292772;0.0;0;rgb|ir
11467;1;519550.55519456376;4675271.476273585;0.0;0;rgb|ir
11483;1;519549.08944350097;4675273.780895673;0.0;0;rgb|ir
11499;1;519546.16792241804;4675272.877221222;0.0;0;rgb|ir
11515;1;519543.24688385165;4675273.792734492;0.0;0;rgb|ir
11531;1;519541.03137628525;4675277.689395824;0.0;0;rgb|ir
11547;1;519538.9377270895;4675278.771883762;0.0;0;rgb|ir
11563;1;519537.12190000544;4675279.880290131;0.0;0;rgb|ir
11579;1;519535.84806027036;4675280.145072547;0.0;0;rgb|ir
11595;1;519532.11476953153;4675281.381019837;0.0;0;rgb|ir
11611;1;519530.28937065206;4675282.226911356;0.0;0;rgb|ir
11627;1;519529.5534192439;4675285.474519421;0.0;0;rgb|ir
11643;1;519526.43336035684;4675286.198478453;0.0;0;rgb|ir
11659;1;519525.9381642211;4675286.590710515;0.0;0;rgb|ir
11675;1;519522.7658984255;4675287.624206942;0.0;0;rgb|ir
11691;1;519521.56851976406;4675290.460596968;0.0;0;rgb|ir
11707;1;519519.9332369587;4675292.966167225;0.0;0;rgb|ir
11723;1;519517.16696884064;4675295.2050839905;0.0;0;rgb|ir
11739;1;519516.2759815854;4675293.648854752;0.0;0;rgb|ir
11755;1;519512.7391660687;4675295.000384068;0.0;0;rgb|ir
11771;1;519512.30928696954;4675297.318243624;0.0;0;rgb|ir
11787;1;519508.16657604196;4675299.7108367495;0.0;0;rgb|ir
11803;1;519505.3118479936;4675299.820838168;0.0;0;rgb|ir
11819;1;519505.1836978973;4675301.698828136;0.0;0;rgb|ir
11835;1;519501.1411656465;4675301.46851511;0.0;0;rgb|ir
11851;1;519500.08167284663;4675304.393952853;0.0;0;rgb|ir
11867;1;519497.82100037317;4675305.288817032;0.0;0;rgb|ir
11883;1;519495.065841376;4675306.730958915;0.0;0;rgb|ir
11899;1;519493.9100847412;4675305.557308731;0.0;0;rgb|ir
11915;1;519491.43891804706;4675309.57464157;0.0;0;rgb|ir
11931;1;519491.8008025025;4675311.646622143;0.0;0;rgb|ir
11947;1;519486.2311175577;4675312.497051412;0.0;0;rgb|ir
11963;1;519483.4532185963;4675313.432052481;0.0;0;rgb|ir
11979;1;519485.13776425127;4675314.694071814;0.0;0;rgb|ir
11995;1;519481.5528918879;4675317.314807827;0.0;0;rgb|ir
12012;1;519478.78307702934;4675316.988769881;0.0;0;rgb|ir
12028;1;519477.80289799115;4675318.633325931;0.0;0;rgb|ir
12044;1;519474.7882874686;4675320.160272938;0.0;0;rgb|ir
12060;1;519472.8563467915;4675322.135326589;0.0;0;rgb|ir
12076;1;519471.7682599233;4675322.845680345;0.0;0;rgb|ir
12092;1;519470.4202507598;4675323.582316403;0.0;0;rgb|ir
12108;1;519465.9362811254;4675326.3103108145;0.0;0;rgb|ir
12124;1;519463.9314854433;4675326.599601434;0.0;0;rgb|ir
12140;1;519462.06111186655;4675330.613908951;0.0;0;rgb|ir
12156;1;519459.3554839884;4675331.111872632;0.0;0;rgb|ir
12172;1;519456.51069184474;4675332.101101524;0.0;0;rgb|ir
12188;1;519456.0538354266;4675332.2511921255;0.0;0;rgb|ir
12204;1;519452.51144522196;4675333.546390064;0.0;0;rgb|ir
12220;1;519449.6949254969;4675334.137570566;0.0;0;rgb|ir
12236;1;519448.89530112344;4675337.58947265;0.0;0;rgb|ir
12252;1;519447.8328457117;4675336.792684571;0.0;0;rgb|ir
12268;1;519444.6499967768;4675340.3118835995;0.0;0;rgb|ir
12284;1;519442.985645366;4675339.686408908;0.0;0;rgb|ir
12300;1;519441.61630941497;4675341.622710354;0.0;0;rgb|ir
12316;1;519437.78313889256;4675343.18627248;0.0;0;rgb|ir
12332;1;519437.5824817092;4675344.852777926;0.0;0;rgb|ir
12348;1;519434.9937059144;4675346.669201373;0.0;0;rgb|ir
12364;1;519431.2151278965;4675347.091528859;0.0;0;rgb|ir
12380;1;519428.12327462435;4675349.059595952;0.0;0;rgb|ir
12396;1;519427.7893123436;4675352.397503284;0.0;0;rgb|ir
12412;1;519425.2936522981;4675351.582627292;0.0;0;rgb|ir
12428;1;519425.0595956239;4675355.222737103;0.0;0;rgb|ir
12444;1;519421.89494349906;4675353.7998928195;0.0;0;rgb|ir
12460;1;519419.77299406996;4675356.6189711755;0.0;0;rgb|ir
12476;1;519417.9696875497;4675356.147263423;0.0;0;rgb|ir
12492;1;519416.1744582841;4675359.353170593;0.0;0;rgb|ir
12508;1;519412.84958751115;4675361.5612033205;0.0;0;rgb|ir
12524;1;519411.7840884509;4675361.287374921;0.0;0;rgb|ir
12540;1;519408.9676078481;4675361.390833055;0.0;0;rgb|ir
12556;1;519407.198557162;4675365.026467718;0.0;0;rgb|ir
12572;1;519406.98830499576;4675366.209224424;0.0;0;rgb|ir
12588;1;519402.03680559975;4675367.021689838;0.0;0;rgb|ir
12604;1;519399.18928054307;4675369.434159821;0.0;0;rgb|ir
12620;1;519398.3658363404;4675368.560908015;0.0;0;rgb|ir
12636;1;519396.9275918988;4675371.432688474;0.0;0;rgb|ir
12652;1;519394.628463176;4675372.625698379;0.0;0;rgb|ir
12668;1;519394.86491920886;4675373.758842791;0.0;0;rgb|ir
12684;1;519391.1154467178;4675376.029550542;0.0;0;rgb|ir
12700;1;519389.2807297906;4675376.407029336;0.0;0;rgb|ir
12716;1;519384.71342534403;4675377.825587694;0.0;0;rgb|ir
12732;1;519385.0076053117;4675379.596064948;0.0;0;rgb|ir
12748;1;519381.75644630153;4675378.35384927;0.0;0;rgb|ir
12764;1;519380.2484188792;4675382.278921813;0.0;0;rgb|ir
12780;1;519377.5018622914;4675383.837653549;0.0;0;rgb|ir
12796;1;519377.7694195851;4675385.314518498;0.0;0;rgb|ir
12812;1;519373.500448446;4675385.949041895;0.0;1;rgb|ir
12828;1;519370.72498384706;4675388.355872382;0.0;0;rgb|ir
12844;1;519369.07299914066;4675387.56585592;0.0;0;rgb|ir
12860;1;519365.2920566437;4675387.68585866;0.0;0;rgb|ir
12876;1;519367.41428024136;4675392.588887087;0.0;0;rgb|ir
12892;1;519362.41878405627;4675392.270656119;0.0;0;rgb|ir
12908;1;519361.4351137;4675394.787861291;0.0;0;rgb|ir
12924;1;519357.70278807974;4675395.743502382;0.0;0;rgb|ir
12940;1;519356.6535022601;4675396.839702691;0.0;0;rgb|ir
12956;1;519354.1333476535;4675396.522040575;0.0;0;rgb|ir
12972;1;519352.9291133967;4675398.612871996;0.0;0;rgb|ir
12988;1;519347.6832635562;4675401.106452486;0.0;0;rgb|ir
13005;1;519347.2859514964;4675403.474192475;0.0;0;rgb|ir
13021;1;519346.0258084925;4675402.473330834;0.0;0;rgb|ir
13037;1;519345.2082032709;4675403.4791246895;0.0;0;rgb|ir
13053;1;519342.02352176583;4675404.47963119;0.0;0;rgb|ir
13069;1;519339.6918174351;4675406.767078754;0.0;0;rgb|ir
13085;1;519337.4816130403;4675409.5543780355;0.0;0;rgb|ir
13101;1;519334.37052580103;4675411.345710582;0.0;0;rgb|ir
13117;1;519333.89200507314;4675410.704035899;0.0;0;rgb|ir
13133;1;519332.0143590612;4675412.180556546;0.0;0;rgb|ir
13149;1;519330.3574069608;4675413.951079738;0.0;0;rgb|ir
13165;1;519327.4475374081;4675416.406619334;0.0;0;rgb|ir
13181;1;519326.0357885229;4675416.788862465;0.0;0;rgb|ir
13197;1;519323.5166144875;4675418.943001893;0.0;0;rgb|ir
13213;1;519320.36459995905;4675419.169742722;0.0;0;rgb|ir
13229;1;519319.3831456387;4675421.624300951;0.0;0;rgb|ir
13245;1;519316.1848323875;4675422.499291489;0.0;0;rgb|ir
13261;1;519314.83259387064;4675422.015984935;0.0;0;rgb|ir
13277;1;519311.7711642876;4675426.515408472;0.0;0;rgb|ir
13293;1;519311.1957664021;4675426.468920228;0.0;0;rgb|ir
13309;1;519307.3425007658;4675427.474950342;0.0;0;rgb|ir
13325;1;519306.60787068435;4675427.264230904;0.0;0;rgb|ir
13341;1;519302.457382743;4675430.905591238;0.0;0;rgb|ir
13357;1;519302.55430226086;4675432.429885165;0.0;0;rgb|ir
13373;1;519302.06476542447;4675433.215144104;0.0;0;rgb|ir
13389;1;519297.4873367872;4675436.522708522;0.0;0;rgb|ir
13405;1;519295.7982790716;4675437.55594882;0.0;0;rgb|ir
13421;1;519295.619168585;4675437.275877605;0.0;0;rgb|ir
13437;1;519292.6248167182;4675438.85948821;0.0;0;rgb|ir
13453;1;519289.7166950461;4675440.38518956;0.0;0;rgb|ir
13469;1;519285.91445971356;4675442.290940384;0.0;0;rgb|ir
13485;1;519284.9191771191;4675443.634118324;0.0;0;rgb|ir
13501;1;519284.2498385116;4675445.803698764;0.0;0;rgb|ir
13517;1;519280.2357577686;4675445.748099719;0.0;0;rgb|ir
13533;1;519276.4864445855;4675448.645004844;0.0;0;rgb|ir
13549;1;519277.5130397086;4675448.741706607;0.0;0;rgb|ir
13565;1;519272.89355286525;4675449.918876836;0.0;0;rgb|ir
13581;1;519272.4522673232;4675449.470542478;0.0;0;rgb|ir
13597;1;519269.8411342893;4675452.547090012;0.0;0;rgb|ir
13613;1;519269.40989179787;4675454.993799822;0.0;0;rgb|ir
13629;1;519264.32956704416;4675452.877477247;0.0;0;rgb|ir
13645;1;519263.6471242698;4675457.907785762;0.0;0;rgb|ir
13661;1;519261.92392004945;4675456.815410168;0.0;0;rgb|ir
13677;1;519259.7174693956;4675457.9934761785;0.0;0;rgb|ir
13693;1;519257.10179850535;4675461.191458399;0.0;0;rgb|ir
13709;1;519256.358546383;4675461.538384088;0.0;0;rgb|ir
13725;1;519254.3433195478;4675461.835682352;0.0;0;rgb|ir
13741;1;519251.5891718238;4675465.231733085;0.0;0;rgb|ir
13757;1;519248.6028517217;4675467.35092852;0.0;0;rgb|ir
13773;1;519246.199135768;4675468.496917341;0.0;0;rgb|ir
13789;1;519243.6203564788;4675468.670767894;0.0;0;rgb|ir
13805;1;519241.0369384252;4675468.520107039;0.0;0;rgb|ir
13821;1;519240.3327612989;4675470.2288503125;0.0;0;rgb|ir
13837;1;519240.1409303645;4675474.19624732;0.0;0;rgb|ir
13853;1;519236.52894367743;4675475.400454569;0.0;0;rgb|ir
13869;1;519236.0526744213;4675475.101147766;0.0;0;rgb|ir
13885;1;519233.4654299276;4675476.832543765;0.0;0;rgb|ir
13901;1;519230.3553205873;4675479.6377593195;0.0;0;rgb|ir
13917;1;519227.7314004238;4675477.80108815;0.0;0;rgb|ir
13933;1;519226.4260460158;4675481.964652365;0.0;0;rgb|ir
13949;1;519223.0164576305;4675482.487597871;0.0;0;rgb|ir
13965;1;519224.0444954315;4675482.920937642;0.0;0;rgb|ir
13981;1;519219.3322652143;4675485.342111824;0.0;0;rgb|ir
13997;1;519218.2049343777;4675486.131114088;0.0;0;rgb|ir
14014;1;519215.16354832635;4675487.846891285;0.0;0;rgb|ir
14030;1;519212.5736481312;4675487.819860025;0.0;0;rgb|ir
14046;1;519210.835182103;4675492.794527312;0.0;0;rgb|ir
14062;1;519210.24983345845;4675490.479215065;0.0;0;rgb|ir
14078;1;519207.93310335535;4675492.173507887;0.0;0;rgb|ir
14094;1;519206.23834890727;4675495.76699953;0.0;0;rgb|ir
14110;1;519203.37933494995;4675494.941948656;0.0;0;rgb|ir
14126;1;519201.0972272971;4675496.438630054;0.0;0;rgb|ir
14142;1;519198.49172831955;4675499.18177103;0.0;0;rgb|ir
14158;1;519196.71839277697;4675500.655357217;0.0;0;rgb|ir
14174;1;519195.7615293603;4675503.255243863;0.0;0;rgb|ir
14190;1;519192.31829737185;4675502.601446507;0.0;0;rgb|ir
14206;1;519189.9139820007;4675504.492897792;0.0;0;rgb|ir
14222;1;519188.2991775561;4675505.8973251935;0.0;0;rgb|ir
14238;1;519186.29201190127;4675505.722001517;0.0;0;rgb|ir
14254;1;519185.6902587423;4675507.966187099;0.0;0;rgb|ir
14270;1;519182.03274033096;4675507.997452672;0.0;0;rgb|ir
14286;1;519181.9490180216;4675510.055961857;0.0;0;rgb|ir
14302;1;519178.7094041624;4675511.927217533;0.0;0;rgb|ir
14318;1;519176.3796613046;4675513.29574385;0.0;0;rgb|ir
14334;1;519174.2078720345;4675515.511363374;0.0;0;rgb|ir
14350;1;519170.3390243973;4675516.03339598;0.0;0;rgb|ir
14366;1;519169.3680222637;4675518.486132034;0.0;0;rgb|ir
14382;1;519167.70372187725;4675517.91114913;0.0;0;rgb|ir
14398;1;519163.40052957396;4675519.922756329;0.0;0;rgb|ir
14414;1;519163.2184095852;4675522.684480973;0.0;1;rgb|ir
14430;1;519160.66186443006;4675523.682367708;0.0;0;rgb|ir
14446;1;519160.6413972063;4675524.062238122;0.0;0;rgb|ir
14462;1;519157.38690970925;4675524.246426237;0.0;0;rgb|ir
14478;1;519155.3399953751;4675526.696766279;0.0;0;rgb|ir
14494;1;519152.5479980827;4675527.242092131;0.0;0;rgb|ir
14510;1;519151.6591796436;4675531.224617873;0.0;0;rgb|ir
14526;1;519147.3748279273;4675530.8878887985;0.0;0;rgb|ir
14542;1;519146.64858307876;4675533.662827517;0.0;0;rgb|ir
14558;1;519145.2326988628;4675535.323143144;0.0;0;rgb|ir
14574;1;519141.6018762929;4675534.376895472;0.0;0;rgb|ir
14590;1;519139.2959339249;4675535.196544518;0.0;0;rgb|ir
14606;1;519138.51996465167;4675538.474161357;0.0;0;rgb|ir
14622;1;519136.19655256835;4675538.545910804;0.0;0;rgb|ir
14638;1;519133.9404207091;4675541.901189691;0.0;0;rgb|ir
14654;1;519133.0965402878;4675541.991903192;0.0;0;rgb|ir
14670;1;519128.9433380347;4675543.121590265;0.0;0;rgb|ir
14686;1;519127.16811635316;4675545.129852928;0.0;0;rgb|ir
14702;1;519124.37794363324;4675547.008813757;0.0;0;rgb|ir
14718;1;519122.879695425;4675545.250261699;0.0;0;rgb|ir
14734;1;519120.75969296356;4675547.979816417;0.0;0;rgb|ir
14750;1;519120.17349296965;4675549.740700411;0.0;0;rgb|ir
14766;1;519116.14355105883;4675553.215992976;0.0;0;rgb|ir
14782;1;519114.5290149972;4675552.660651725;0.0;0;rgb|ir
14798;1;519111.32024016365;4675554.432468249;0.0;0;rgb|ir
14814;1;519110.8077621515;4675555.6618479;0.0;0;rgb|ir
14830;1;519108.3357159778;4675558.062959064;0.0;0;rgb|ir
14846;1;519105.09411261725;4675557.25978268;0.0;0;rgb|ir
14862;1;519105.121317027;4675558.710983965;0.0;0;rgb|ir
14878;1;519100.51759941387;4675559.168852701;0.0;0;rgb|ir
14894;1;519100.0923394206;4675563.141190547;0.0;0;rgb|ir
14910;1;519097.9563362127;4675564.017219532;0.0;0;rgb|ir
14926;1;519094.34986896155;4675564.103660517;0.0;0;rgb|ir
14942;1;519093.01921491866;4675564.704247556;0.0;0;rgb|ir
14958;1;519090.24514866935;4675567.661889488;0.0;0;rgb|ir
14974;1;519089.0317863479;4675569.552137613;0.0;0;rgb|ir
14990;1;519086.71997220226;4675571.77462605;0.0;0;rgb|ir
15007;1;519085.191655524;4675571.5401939135;0.0;0;rgb|ir
15023;1;519082.87595007924;4675573.738340846;0.0;0;rgb|ir
15039;1;519082.47007410304;4675574.481178278;0.0;0;rgb|ir
15055;1;519078.3981602897;4675574.336949011;0.0;0;rgb|ir
15071;1;519077.4587252463;4675575.9147983575;0.0;0;rgb|ir
15087;1;519075.15457010135;4675578.508959085;0.0;0;rgb|ir
15103;1;519072.64884561877;4675580.331627451;0.0;0;rgb|ir
15119;1;519070.54444583936;4675581.916201343;0.0;0;rgb|ir
15135;1;519069.013424171;4675583.453973149;0.0;0;rgb|ir
15151;1;519065.67262985057;4675583.132436186;0.0;0;rgb|ir
15167;1;519065.9260875159;4675586.420566039;0.0;0;rgb|ir
15183;1;519062.36807027727;4675587.146734046;0.0;0;rgb|ir
15199;1;519060.46433020383;4675587.443371189;0.0;0;rgb|ir
15215;1;519057.6106268035;4675589.415106467;0.0;0;rgb|ir
15231;1;519054.153647184;4675591.661296434;0.0;0;rgb|ir
15247;1;519055.16399437166;4675592.847536491;0.0;0;rgb|ir
15263;1;519052.03667861316;4675591.397833932;0.0;0;rgb|ir
15279;1;519049.0332027713;4675595.564995486;0.0;0;rgb|ir
15295;1;519048.1126629257;4675594.945114361;0.0;0;rgb|ir
15311;1;519044.744366899;4675597.158289545;0.0;0;rgb|ir
15327;1;519043.9977479874;4675599.273107189;0.0;0;rgb|ir
15343;1;519038.8903885339;4675600.322451878;0.0;0;rgb|ir
15359;1;519037.9801646304;4675602.378904893;0.0;0;rgb|ir
15375;1;519038.4812183994;4675603.890096191;0.0;0;rgb|ir
15391;1;519034.63976734644;4675606.09701228;0.0;0;rgb|ir
15407;1;519032.4244314769;4675606.475289478;0.0;0;rgb|ir
15423;1;519030.62879826076;4675608.277458735;0.0;0;rgb|ir
15439;1;519028.20936227165;4675607.410631053;0.0;0;rgb|ir
15455;1;519024.86185773835;4675609.700276278;0.0;0;rgb|ir
15471;1;519027.33492790844;4675610.750827249;0.0;0;rgb|ir
15487;1;519021.88076407515;4675610.526328105;0.0;0;rgb|ir
15503;1;519018.37878717366;4675614.06778852;0.0;0;rgb|ir
15519;1;519019.854713234;4675613.078084752;0.0;0;rgb|ir
15535;1;519013.9962495059;4675614.584689671;0.0;0;rgb|ir
15551;1;519012.69088772184;4675618.161490554;0.0;0;rgb|ir
15567;1;519011.67460787564;4675619.983748723;0.0;0;rgb|ir
15583;1;519010.53914421046;4675620.297208941;0.0;0;rgb|ir
15599;1;519005.8720260879;4675620.83375915;0.0;0;rgb|ir
15615;1;519005.3225915762;4675623.36371725;0.0;0;rgb|ir
15631;1;519003.71395098115;4675624.672061334;0.0;0;rgb|ir
15647;1;519000.43532123603;4675627.639148017;0.0;0;rgb|ir
15663;1;518999.5777512054;4675625.854798751;0.0;0;rgb|ir
15679;1;518995.51000409864;4675629.445224603;0.0;0;rgb|ir
15695;1;518997.1065441743;4675628.773216823;0.0;0;rgb|ir
15711;1;518993.50345487456;4675632.572753297;0.0;0;rgb|ir
15727;1;518990.12156107824;4675634.063614381;0.0;0;rgb|ir
15743;1;518990.0964351749;4675633.369497717;0.0;0;rgb|ir
15759;1;518986.3155760127;4675636.726488709;0.0;0;rgb|ir
15775;1;518984.1190271964;4675636.860992791;0.0;0;rgb|ir
15791;1;518982.04175845574;4675640.426743431;0.0;0;rgb|ir
15807;1;518980.60078277794;4675639.732368669;0.0;0;rgb|ir
15823;1;518976.9705535376;4675640.286594626;0.0;0;rgb|ir
15839;1;518974.8227819201;4675640.858149197;0.0;0;rgb|ir
15855;1;518974.4149527654;4675642.7275872305;0.0;0;rgb|ir
15871;1;518972.46025410376;4675645.261896463;0.0;0;rgb|ir
15887;1;518969.28532850894;4675646.547289989;0.0;0;rgb|ir
15903;1;518967.26607712434;4675647.617078717;0.0;0;rgb|ir
15919;1;518965.1192284854;4675650.333791954;0.0;0;rgb|ir
15935;1;518962.51703679713;4675649.270652285;0.0;0;rgb|ir
15951;1;518962.05567458307;4675651.691057276;0.0;0;rgb|ir
15967;1;518958.525991006;4675653.580792508;0.0;0;rgb|ir
15983;1;518957.53888096666;4675654.791119283;0.0;0;rgb|ir
16000;1;518954.08420759137;4675656.057451065;0.0;1;rgb|ir
